
SET SQL_SAFE_UPDATES = 0;

INSERT INTO Suppliers (S_supplierID, S_supplierName) VALUES
('1', 'Mirbros'),
('2', 'Lazer');

INSERT INTO Brands (B_brandID, B_brandName) VALUES
('1', 'Alice Strings'),
('2', 'Aquila'),
('3', 'Bee'),
('4', 'Blueridge'),
('5', 'Brand'),
('6', 'Cort Guitars'),
('7', 'D''Addario'),
('8', 'Lazer Music'),
('9', 'Mapex'),
('10', 'Mooer Audio'),
('11', 'Musedo'),
('12', 'Roto Sound'),
('13', 'Soundking'),
('14', 'Yamaha'),
('15', 'Aegean');

INSERT INTO Categories (C_categoryID, C_categoryName) VALUES
(1, 'Acoustic Guitar'),
(2, 'Adapter'),
(3, 'Amplifier'),
(4, 'Bass Guitar'),
(5, 'Cable'),
(6, 'Capo'),
(7, 'Case'),
(8, 'Classical Guitar'),
(9, 'Cymbal stand'),
(10, 'Drum'),
(11, 'Drum set'),
(12, 'Drumkey'),
(13, 'Electric Guitar'),
(14, 'Gig bag'),
(15, 'Guitar'),
(16, 'Guitar case'),
(17, 'Harmonica'),
(18, 'Keyboard'),
(19, 'Lights'),
(20, 'Mic foam'),
(21, 'Patch cable'),
(22, 'Piano'),
(23, 'Product Type'),
(24, 'Recorder'),
(25, 'Sax'),
(26, 'Snare Drum'),
(27, 'Strings'),
(28, 'Sustain Pedal'),
(29, 'Violin'),
(30, 'Violin bow'),
(31, 'Violin strings'),
(32, 'Accessories');

INSERT INTO Products (P_productCode, P_productName, P_unitPrice, C_categoryID) VALUES
(1, '4/4 Lazer Bow', 695, 30),
(2, 'Aegean Violin String', 195, 31),
(3, 'Aegean Violin Strings', 195, 31),
(4, 'Alice Fret Wire & AO44 Machine Head Polish', NULL, 15),
(5, 'Alice Violin strings', 395, 31),
(6, 'Aquila Ukulele String', 155, 27),
(7, 'B020 - HLC - Bass drum w/ harness', 5995, 10),
(8, 'Bass Guitar Cort IE22070R96', 14595, 4),
(9, 'Bee Harmonica (big)', 295, 17),
(10, 'Bee Harmonica (small)', 195, 17),
(11, 'Blueridge G12 Capo (Black)', 195, 6),
(12, 'Blueridge G12 Capo (Green)', 195, 6),
(13, 'Blueridge G12 Capo (Red)', 195, 6),
(14, 'Blueridge Guitar Amp', 3995, 3),
(15, 'Blueridge Guitar Capo', 195, 6),
(16, 'C40 Yamaha Classical Guitar', 9995, 8),
(17, 'Cort Acoustic Guitar AD180E - TOKS', 12595, 1),
(18, 'Cort Acoustic Guitar AD810 - OP', 12595, 1),
(19, 'Cort Acoustic Guitar AD880 - CE - BK', 14995, 1),
(20, 'Cort Acoustic Guitar AD880 - MS', 10995, 1),
(21, 'Cort AD 810 E BKS w/ bag', 15995, 1),
(22, 'Cort AD 880 CE BK w/ bag', 12995, 1),
(23, 'Cort AD 880 NS w/ bag', NULL, 1),
(24, 'Cort CM15R', 7395, 3),
(25, 'Cort CM15R Amp', 7995, 3),
(26, 'Cort CM30R', 12595, 3),
(27, 'Cort G110 Electric Guitar (OPBC)', 14595, 13),
(28, 'Cort G110 Electric Guitar (OPBK)', 14595, 13),
(29, 'Cort Mix5', 21995, 3),
(30, 'Cort Mix5 Multi-Purpose AMP', 19995, 3),
(31, 'Crash Cymbal Stand', 1995, 9),
(32, 'Crash Cymbal Stand M1000A', 1995, 9),
(33, 'Cymbal Stand Boom', 2595, 9),
(34, 'D''Addario XL Bass strings', 2595, 27),
(35, 'DD75 Yamaha Digital Piano', 22995, 22),
(36, 'Drumkey', 155, 12),
(37, 'Floor tom stand & screws', 3396, 10),
(38, 'Flute Recorder', 110, 24),
(39, 'Flute recorder 2', 155, 24),
(40, 'Folk guitar Hard Case AF-1', 4595, 16),
(41, 'FX30 Yamaha Acoustic Guitar', 13995, 1),
(42, 'Lazer 4/4 Violin', 17995, 29),
(43, 'Lazer Acoustic gig bag', 3195, 14),
(44, 'Lazer Bass gig bag', 3195, 14),
(45, 'Lazer Drumset', 17995, 11),
(46, 'Lazer Electric gig bag', 3195, 14),
(47, 'Lazer Soprano Straight Sax', 27995, 25),
(48, 'Mapex Drum set', 32995, 11),
(49, 'Mic Foam (black)', 100, 20),
(50, 'Mic Foam (red)', 100, 20),
(51, 'Mooer 9V Adapter', 1295, 2),
(52, 'Musedo Sustain Pedal', 895, 28),
(53, 'P51 Keyboard', 11995, 18),
(54, 'Parlights', NULL, 19),
(55, 'Patch Cable', 195, 21),
(56, 'Picolo Snare Drum 14"x14" Metallic Blye 6 Lugs', 2295, 26),
(57, 'Pins', 100, 5),
(58, 'Ring Mute 12" PE 0680', 195, 10),
(59, 'Ring mute 16" PE 0680', NULL, 10),
(60, 'Roto Pink string', 495, 27),
(61, 'Single Pedal Lazer', 2595, 10),
(62, 'Soundking patch cable BSS213', 295, 21),
(63, 'Soundking str cable 5m', 595, 5),
(64, 'Strap pin', 100, 5),
(65, 'Valve Oil SG Galante', 195, 2),
(66, 'Violin 4/4 (Student)', 3795, 29),
(67, 'Violin 4/4 30112F (Pro)', 6795, 29),
(68, 'Violin strings #1', 60, 31),
(69, 'Western/Acoustic Unpadded Case', 295, 7),
(70, 'Yamaha Acoustic Guitar C40VC 1102', 8995, 1),
(71, 'Yamaha Acoustic Guitar FX310', 18000, 1),
(72, 'Yamaha Acoustic Guitar FY310VC', 18995, 1),
(73, 'Yamaha Adapter', 1195, 2),
(74, 'Yamaha APX600M', 25995, 1),
(75, 'Yamaha E243 Keyboard', 12995, 18),
(76, 'Yamaha E273 Keyboard', 13995, 18),
(77, 'Yamaha E373 (1)', 18995, 18),
(78, 'Yamaha E373 Keyboard (2)', 19995, 18),
(79, 'Yamaha E373 Keyboard (3)', 19995, 18),
(80, 'Yamaha E473 Keyboard', 29995, 18),
(81, 'Yamaha F51 Keyboard', 11995, 18),
(82, 'Yamaha P125B Digital Piano', 55995, 22),
(83, 'Yamaha P45 Digital Piano', 45995, 22),
(84, '16 channel Snake Cable', 26995, 5);

INSERT INTO Deliveries (D_deliveryNumber, D_deliveryDate, S_supplierID) VALUES
(1, '2023-04-11', 1),
(2, '2023-04-28', 1),
(3, '2023-05-03', 2),
(4, '2023-05-09', 1),
(5, '2023-05-27', 1),
(6, '2023-06-03', 1),
(7, '2023-06-12', 2),
(8, '2023-06-21', 1),
(9, '2023-06-26', 2),
(10, '2023-07-01', 2),
(11, '2023-07-04', 1),
(12, '2023-07-13', 2),
(13, '2023-07-17', 1),
(14, '2023-08-17', 2),
(15, '2023-08-28', 2),
(16, '2023-09-09', 2),
(17, '2023-03-22', 1);

INSERT INTO DeliveryProductDetails (D_productDetailsID, DPD_quantity, D_deliveryNumber, P_productCode) VALUES
(1, 6, 17, 79),
(2, 4, 17, 78),
(3, 20, 1, 11),
(4, 20, 1, 12),
(5, 20, 1, 13),
(6, 24, 1, 2),
(7, 24, 1, 6),
(8, 1, 2, 81),
(9, 4, 2, 75),
(10, 2, 2, 72),
(11, 1, 2, 82),
(12, 3, 2, 32),
(13, 2, 3, 43),
(14, 2, 3, 44),
(15, 1, 3, 28),
(16, 2, 3, 24),
(17, 2, 3, 26),
(18, 2, 3, 41),
(19, 6, 3, 42),
(20, 1, 3, 40),
(21, 1, 3, 30),
(22, 2, 3, 29),
(23, 1, 3, 47),
(24, 2, 3, 48),
(25, 3, 3, 33),
(26, 24, 3, 5),
(27, 15, 3, 55),
(28, 10, 3, 38),
(29, 12, 3, 9),
(30, 12, 3, 10),
(31, 2, 4, 74),
(32, 48, 4, 3),
(33, 48, 4, 15),
(34, 1, 4, 70),
(35, 8, 5, 14),
(36, 1, 5, 17),
(37, 4, 5, 53),
(38, 6, 6, 80),
(39, 2, 7, 21),
(40, 1, 7, 18),
(41, 2, 7, 22),
(42, 1, 7, 19),
(43, 1, 7, 8),
(44, 12, 7, 64),
(45, 60, 7, 63),
(46, 3, 7, 31),
(47, 3, 7, 32),
(48, 2, 7, 45),
(49, 12, 7, 52),
(50, 1, 7, 83),
(51, 25, 7, 50),
(52, 20, 7, 36),
(53, 3, 7, 37),
(54, 3, 7, 38),
(55, 10, 7, 67),
(56, 6, 7, 4),
(57, 6, 7, 76),
(58, 1, 7, 27),
(59, 12, 7, 58),
(60, 8, 8, 14),
(61, 16, 8, 16),
(62, 12, 8, 73),
(63, 1, 8, 70),
(64, 2, 8, 71),
(65, 15, 8, 51),
(66, 2, 9, 43),
(67, 2, 9, 44),
(68, 2, 9, 54),
(69, 1, 10, 84),
(70, 15, 11, 55),
(71, 2, 12, 43),
(72, 10, 12, 39),
(73, 12, 13, 73),
(74, 1, 13, 70),
(75, 1, 14, 35),
(76, 2, 15, 23),
(77, 2, 15, 20),
(78, 1, 15, 25),
(79, 8, 15, 1),
(80, 2, 15, 56),
(81, 25, 15, 34),
(82, 2, 15, 60),
(83, 24, 15, 61),
(84, 2, 15, 7),
(85, 25, 16, 49),
(86, 24, 16, 25),
(87, 2, 16, 57),
(88, 24, 16, 62),
(89, 4, 17, 77);
